model,accuracy_mean,accuracy_std,f1_macro_mean,f1_macro_std,elapsed_mean_sec,elapsed_std_sec,params,model_size_bytes,runs
vit_small_patch16_224,0.17708333333333334,0.0,0.12073634899721856,0.0,30.251532699970994,0.0,21671439,86732469,1
efficientnet_b0,0.10416666666666667,0.0,0.012578616352201259,0.0,18.926109399995767,0.0,4026763,16377381,1
resnet18,0.10416666666666667,0.0,0.012578616352201259,0.0,14.31882589997258,0.0,11184207,44807435,1
resnet50,0.10416666666666667,0.0,0.012578616352201259,0.0,41.067059999972116,0.0,23538767,94450541,1
