model,seed,test_accuracy,test_f1_macro,elapsed_seconds,trainable_params,model_size_bytes,metrics_path
resnet18,41,0.10416666666666667,0.012578616352201259,14.31882589997258,11184207,44807435,results/phase2/runs/resnet18/seed_41/metrics.json
resnet50,41,0.10416666666666667,0.012578616352201259,41.067059999972116,23538767,94450541,results/phase2/runs/resnet50/seed_41/metrics.json
efficientnet_b0,41,0.10416666666666667,0.012578616352201259,18.926109399995767,4026763,16377381,results/phase2/runs/efficientnet_b0/seed_41/metrics.json
vit_small_patch16_224,41,0.17708333333333334,0.12073634899721856,30.251532699970994,21671439,86732469,results/phase2/runs/vit_small_patch16_224/seed_41/metrics.json
